{ 
  "name": "COMPUTE-DISKS-15-TEMP1", 
  "volume-groups": [ 
    { 
      "name": "hlm-vg", 
      "physical-volumes": [ 
        "/dev/sda_root" 
      ], 
      "logical-volumes": [ 
        { 
          "name": "root", 
          "size": "35%", 
          "fstype": "ext4", 
          "mount": "/" 
        }, 
        { 
          "name": "log", 
          "size": "50%", 
          "mount": "/var/log", 
          "fstype": "ext4", 
          "mkfs-opts": "-O large_file" 
        },
        { 
          "name": "crash", 
          "size": "10%", 
          "mount": "/var/crashandburn", 
          "fstype": "ext4", 
          "mkfs-opts": "-O large_file" 
        }
      ]
    }, 
    {
      "name": "vg-comp", 
      "physical-volumes": [ 
        "/dev/sdb" 
      ], 
      "logical-volumes": [ 
        { 
          "name": "compute", 
          "size": "79%", 
          "mount": "/var/lib/nova", 
          "fstype": "ext4", 
          "mkfs-opts": "-O large_file" 
        } 
      ] 
    } 
  ] 
}