{
    "name": "COMPUTE-MEMORY-15-TEMP1",
    "templatetype": "MEM",
    "defaultpagesize": "1G",
    "pages": [
        {
            "numanode": 1,
            "pagesize": "2M",
            "pagecount": 8192
        },
        {
            "numanode": 1,
            "pagesize": "1G",
            "pagecount": 20
        },
        {
            "numanode": 0,
            "pagesize": "2M",
            "pagecount": 8192
        },
        {
            "numanode": 0,
            "pagesize": "1G",
            "pagecount": 20
        },
        {
            "numanode": -1,
            "pagesize": "1G",
            "pagecount": 2
        },
        {
            "numanode": -1,
            "pagesize": "2M",
            "pagecount": 10
        }
    ]
}