{
    "name": "COMPUTE-INTERFACE-15-TEMP2",
    "porttonetworks": [
        {
            "name": "BONDED_INTERFACE",
            "networktypelist": [
                "PXE",
                "CLM"
            ],
            "propertylist": {},
            "externalnetlist": [],
            "port": {
                "devicelist": [
                    {
                        "busaddress": "0000:04:00.0",
                        "devicename": "hed1"
                    },
                    {
                        "busaddress": "0000:04:00.1",
                        "devicename": "hed2"
                    }
                ],
                "bondpropertylist": {
                    "options": "{'mode': 'active-backup', 'miimon': 200, 'primary': 'hed1'}",
                    "provider": "linux"
                },
                "name": "bond0"
            },
            "tullist": [],
            "forcednetworkgroups": [
                "BLS"
            ],
            "id": null,
            "fcoeinterfaces": [],
            "type": ""
        },
        {
            "name": "BONDED_DPDK_INTERFACE",
            "networktypelist": [],
            "propertylist": {},
            "externalnetlist": [],
            "port": {
                "devicelist": [
                        {
                           "busaddress": "0000:05:00.0",
                           "devicename": "dpdk0"
                        },
                        {
                           "busaddress": "0000:05:00.1",
                           "devicename": "dpdk1"
                        }
                ],
                "bondpropertylist": {
                    "options": "{'mode': 'active-backup', 'miimon': 200}",
                    "provider": "openvswitch"
                },
                "name": "bond1"

            },
            "tullist": ["VxLAN-VLAN1-TUL"],
            "forcednetworkgroups": [],
            "id": null,
            "fcoeinterfaces": [],
            "type": ""
        },
        {
            "name": "SRIOV_INTERFACE",
            "networktypelist": [],
            "propertylist": {
                "sriov-only": true,
                "vf-count": 10
            },
            "externalnetlist": [],
            "port": {
                "busaddress": "0000:82:00.0",
                "devicename": "hed5"
            },
            "tullist": ["VLAN2-TUL"],
            "forcednetworkgroups": [],
            "id": null,
            "fcoeinterfaces": [],
            "type": ""
		},
        {
            "name": "PCIPT_INTERFACE",
            "networktypelist": [],
            "propertylist": {
                "pci-pt": true
            },
            "externalnetlist": [],
            "port": {
                "busaddress": "0000:82:00.1",
                "devicename": "hed6"
            },
            "tullist": ["VLAN3-TUL"],
            "forcednetworkgroups": [],
            "id": null,
            "fcoeinterfaces": [],
            "type": ""
        }
    ],
   "templatetype": "NIC",
    "nicmappingid": 1,
    "dpdkdevices": {
        "component-options": [
            {
                "name": "n-dpdk-rxqs",
                "value": 48
            }
        ],
        "eal-options": [
            {
                "name": "socket-mem",
                "value": "2048,0"
            },
            {
                "name": "n",
                "value": 2
            }
        ],
        "devices": [
            {
                "driver": "igb_uio",
                "name": "dpdk0"
            },
                        {
                "driver": "igb_uio",
                "name": "dpdk1"
            }
        ],
        "components": [
            "openvswitch"
        ]
    },
    "id": null
}